{
  "eye": {
    "orientation": [
      0,
      -0.7199398279190063,
      0,
      0.694036602973938
    ],
    "magnitude": 0.5773502588272095,
    "position": [
      667.3221435546875,
      -60,
      12.062638282775879
    ]
  },
  "paths": [],
  "ortho": false,
  "radius": 715.8910522460938,
  "visualHints": 3
}